,sources,destinations,paths
0,"(176, 111)","(176, 257)","[(176, 111), (176, 112), (176, 113), (176, 114), (176, 115), (176, 116), (176, 117), (176, 118), (176, 119), (176, 120), (176, 121), (176, 122), (176, 123), (176, 124), (177, 125), (177, 126), (177, 127), (177, 128), (177, 129), (177, 130), (177, 131), (177, 132), (177, 133), (177, 134), (177, 135), (177, 136), (177, 137), (177, 138), (177, 139), (177, 140), (177, 141), (177, 142), (177, 143), (177, 144), (177, 145), (177, 146), (177, 147), (177, 148), (177, 149), (177, 150), (177, 151), (177, 152), (177, 153), (177, 154), (177, 155), (177, 156), (177, 157), (178, 158), (179, 159), (179, 160), (179, 161), (179, 162), (179, 163), (179, 164), (179, 165), (179, 166), (179, 167), (179, 168), (179, 169), (179, 170), (179, 171), (179, 172), (179, 173), (179, 174), (179, 175), (179, 176), (179, 177), (179, 178), (179, 179), (179, 180), (179, 181), (179, 182), (179, 183), (179, 184), (179, 185), (179, 186), (179, 187), (179, 188), (179, 189), (179, 190), (179, 191), (179, 192), (179, 193), (179, 194), (179, 195), (179, 196), (179, 197), (179, 198), (179, 199), (179, 200), (179, 201), (179, 202), (179, 203), (179, 204), (179, 205), (179, 206), (179, 207), (179, 208), (179, 209), (179, 210), (179, 211), (179, 212), (179, 213), (179, 214), (179, 215), (179, 216), (179, 217), (179, 218), (179, 219), (179, 220), (179, 221), (179, 222), (179, 223), (179, 224), (179, 225), (179, 226), (179, 227), (179, 228), (179, 229), (179, 230), (179, 231), (179, 232), (179, 233), (179, 234), (179, 235), (179, 236), (179, 237), (179, 238), (179, 239), (179, 240), (179, 241), (179, 242), (179, 243), (179, 244), (179, 245), (179, 246), (179, 247), (179, 248), (179, 249), (179, 250), (179, 251), (178, 252), (178, 253), (177, 254), (177, 255), (176, 256), (176, 257)]"
1,"(176, 111)","(177, 417)","[(176, 111), (176, 112), (176, 113), (176, 114), (176, 115), (176, 116), (176, 117), (176, 118), (176, 119), (176, 120), (176, 121), (176, 122), (176, 123), (176, 124), (177, 125), (177, 126), (177, 127), (177, 128), (177, 129), (177, 130), (177, 131), (177, 132), (177, 133), (177, 134), (177, 135), (177, 136), (177, 137), (177, 138), (177, 139), (177, 140), (177, 141), (177, 142), (177, 143), (177, 144), (177, 145), (177, 146), (177, 147), (177, 148), (177, 149), (177, 150), (177, 151), (177, 152), (177, 153), (177, 154), (177, 155), (177, 156), (177, 157), (178, 158), (179, 159), (179, 160), (179, 161), (179, 162), (179, 163), (179, 164), (179, 165), (179, 166), (179, 167), (179, 168), (179, 169), (179, 170), (179, 171), (179, 172), (179, 173), (179, 174), (179, 175), (179, 176), (179, 177), (179, 178), (179, 179), (179, 180), (179, 181), (179, 182), (179, 183), (179, 184), (179, 185), (179, 186), (179, 187), (179, 188), (179, 189), (179, 190), (179, 191), (179, 192), (179, 193), (179, 194), (179, 195), (179, 196), (179, 197), (179, 198), (179, 199), (179, 200), (179, 201), (179, 202), (179, 203), (179, 204), (179, 205), (179, 206), (179, 207), (179, 208), (179, 209), (179, 210), (179, 211), (179, 212), (179, 213), (179, 214), (179, 215), (179, 216), (179, 217), (179, 218), (179, 219), (179, 220), (179, 221), (179, 222), (179, 223), (179, 224), (179, 225), (179, 226), (179, 227), (179, 228), (179, 229), (179, 230), (179, 231), (179, 232), (179, 233), (179, 234), (179, 235), (179, 236), (179, 237), (179, 238), (179, 239), (179, 240), (179, 241), (179, 242), (179, 243), (179, 244), (179, 245), (179, 246), (179, 247), (179, 248), (179, 249), (179, 250), (179, 251), (179, 252), (179, 253), (179, 254), (179, 255), (179, 256), (179, 257), (179, 258), (179, 259), (179, 260), (179, 261), (179, 262), (179, 263), (179, 264), (179, 265), (179, 266), (179, 267), (179, 268), (179, 269), (179, 270), (179, 271), (179, 272), (179, 273), (179, 274), (179, 275), (179, 276), (179, 277), (179, 278), (179, 279), (179, 280), (179, 281), (179, 282), (179, 283), (179, 284), (179, 285), (179, 286), (179, 287), (179, 288), (179, 289), (179, 290), (179, 291), (179, 292), (179, 293), (179, 294), (179, 295), (179, 296), (179, 297), (179, 298), (179, 299), (179, 300), (179, 301), (179, 302), (179, 303), (179, 304), (179, 305), (179, 306), (179, 307), (179, 308), (179, 309), (179, 310), (179, 311), (179, 312), (179, 313), (179, 314), (179, 315), (179, 316), (179, 317), (179, 318), (179, 319), (179, 320), (179, 321), (179, 322), (179, 323), (179, 324), (179, 325), (179, 326), (179, 327), (179, 328), (179, 329), (179, 330), (179, 331), (179, 332), (179, 333), (179, 334), (179, 335), (179, 336), (179, 337), (179, 338), (179, 339), (179, 340), (179, 341), (179, 342), (179, 343), (179, 344), (179, 345), (179, 346), (179, 347), (179, 348), (179, 349), (179, 350), (179, 351), (179, 352), (179, 353), (179, 354), (179, 355), (179, 356), (179, 357), (179, 358), (179, 359), (179, 360), (179, 361), (179, 362), (179, 363), (179, 364), (179, 365), (179, 366), (179, 367), (179, 368), (179, 369), (179, 370), (179, 371), (179, 372), (179, 373), (179, 374), (179, 375), (179, 376), (179, 377), (179, 378), (179, 379), (179, 380), (179, 381), (179, 382), (179, 383), (179, 384), (179, 385), (179, 386), (179, 387), (179, 388), (179, 389), (179, 390), (179, 391), (179, 392), (179, 393), (179, 394), (179, 395), (179, 396), (179, 397), (179, 398), (179, 399), (179, 400), (179, 401), (179, 402), (179, 403), (179, 404), (179, 405), (179, 406), (179, 407), (179, 408), (179, 409), (179, 410), (179, 411), (179, 412), (179, 413), (178, 414), (178, 415), (177, 416), (177, 417)]"
2,"(176, 111)","(176, 565)","[(176, 111), (176, 112), (176, 113), (176, 114), (176, 115), (176, 116), (176, 117), (176, 118), (176, 119), (176, 120), (176, 121), (176, 122), (176, 123), (176, 124), (177, 125), (177, 126), (177, 127), (177, 128), (177, 129), (177, 130), (177, 131), (177, 132), (177, 133), (177, 134), (177, 135), (177, 136), (177, 137), (177, 138), (177, 139), (177, 140), (177, 141), (177, 142), (177, 143), (177, 144), (177, 145), (177, 146), (177, 147), (177, 148), (177, 149), (177, 150), (177, 151), (177, 152), (177, 153), (177, 154), (177, 155), (177, 156), (177, 157), (178, 158), (179, 159), (179, 160), (179, 161), (179, 162), (179, 163), (179, 164), (179, 165), (179, 166), (179, 167), (179, 168), (179, 169), (179, 170), (179, 171), (179, 172), (179, 173), (179, 174), (179, 175), (179, 176), (179, 177), (179, 178), (179, 179), (179, 180), (179, 181), (179, 182), (179, 183), (179, 184), (179, 185), (179, 186), (179, 187), (179, 188), (179, 189), (179, 190), (179, 191), (179, 192), (179, 193), (179, 194), (179, 195), (179, 196), (179, 197), (179, 198), (179, 199), (179, 200), (179, 201), (179, 202), (179, 203), (179, 204), (179, 205), (179, 206), (179, 207), (179, 208), (179, 209), (179, 210), (179, 211), (179, 212), (179, 213), (179, 214), (179, 215), (179, 216), (179, 217), (179, 218), (179, 219), (179, 220), (179, 221), (179, 222), (179, 223), (179, 224), (179, 225), (179, 226), (179, 227), (179, 228), (179, 229), (179, 230), (179, 231), (179, 232), (179, 233), (179, 234), (179, 235), (179, 236), (179, 237), (179, 238), (179, 239), (179, 240), (179, 241), (179, 242), (179, 243), (179, 244), (179, 245), (179, 246), (179, 247), (179, 248), (179, 249), (179, 250), (179, 251), (179, 252), (179, 253), (179, 254), (179, 255), (179, 256), (179, 257), (179, 258), (179, 259), (179, 260), (179, 261), (179, 262), (179, 263), (179, 264), (179, 265), (179, 266), (179, 267), (179, 268), (179, 269), (179, 270), (179, 271), (179, 272), (179, 273), (179, 274), (179, 275), (179, 276), (179, 277), (179, 278), (179, 279), (179, 280), (179, 281), (179, 282), (179, 283), (179, 284), (179, 285), (179, 286), (179, 287), (179, 288), (179, 289), (179, 290), (179, 291), (179, 292), (179, 293), (179, 294), (179, 295), (179, 296), (179, 297), (179, 298), (179, 299), (179, 300), (179, 301), (179, 302), (179, 303), (179, 304), (179, 305), (179, 306), (179, 307), (179, 308), (179, 309), (179, 310), (179, 311), (179, 312), (179, 313), (179, 314), (179, 315), (179, 316), (179, 317), (179, 318), (179, 319), (179, 320), (179, 321), (179, 322), (179, 323), (179, 324), (179, 325), (179, 326), (179, 327), (179, 328), (179, 329), (179, 330), (179, 331), (179, 332), (179, 333), (179, 334), (179, 335), (179, 336), (179, 337), (179, 338), (179, 339), (179, 340), (179, 341), (179, 342), (179, 343), (179, 344), (179, 345), (179, 346), (179, 347), (179, 348), (179, 349), (179, 350), (179, 351), (179, 352), (179, 353), (179, 354), (179, 355), (179, 356), (179, 357), (179, 358), (179, 359), (179, 360), (179, 361), (179, 362), (179, 363), (179, 364), (179, 365), (179, 366), (179, 367), (179, 368), (179, 369), (179, 370), (179, 371), (179, 372), (179, 373), (179, 374), (179, 375), (179, 376), (179, 377), (179, 378), (179, 379), (179, 380), (179, 381), (179, 382), (179, 383), (179, 384), (179, 385), (179, 386), (179, 387), (179, 388), (179, 389), (179, 390), (179, 391), (179, 392), (179, 393), (179, 394), (179, 395), (179, 396), (179, 397), (179, 398), (179, 399), (179, 400), (179, 401), (179, 402), (179, 403), (179, 404), (179, 405), (179, 406), (179, 407), (179, 408), (179, 409), (179, 410), (179, 411), (179, 412), (179, 413), (179, 414), (179, 415), (179, 416), (179, 417), (179, 418), (179, 419), (179, 420), (179, 421), (179, 422), (179, 423), (179, 424), (179, 425), (179, 426), (179, 427), (179, 428), (179, 429), (179, 430), (179, 431), (179, 432), (179, 433), (179, 434), (179, 435), (179, 436), (179, 437), (179, 438), (179, 439), (179, 440), (179, 441), (179, 442), (179, 443), (179, 444), (179, 445), (179, 446), (179, 447), (179, 448), (179, 449), (179, 450), (179, 451), (179, 452), (179, 453), (179, 454), (179, 455), (179, 456), (179, 457), (179, 458), (179, 459), (179, 460), (179, 461), (179, 462), (179, 463), (179, 464), (179, 465), (179, 466), (179, 467), (179, 468), (179, 469), (179, 470), (179, 471), (179, 472), (179, 473), (179, 474), (179, 475), (179, 476), (179, 477), (179, 478), (179, 479), (179, 480), (179, 481), (179, 482), (179, 483), (179, 484), (179, 485), (179, 486), (179, 487), (179, 488), (179, 489), (179, 490), (179, 491), (179, 492), (179, 493), (179, 494), (179, 495), (179, 496), (179, 497), (179, 498), (179, 499), (179, 500), (179, 501), (179, 502), (179, 503), (179, 504), (179, 505), (179, 506), (179, 507), (179, 508), (179, 509), (179, 510), (179, 511), (179, 512), (179, 513), (179, 514), (179, 515), (179, 516), (179, 517), (179, 518), (179, 519), (179, 520), (179, 521), (179, 522), (179, 523), (179, 524), (179, 525), (179, 526), (179, 527), (179, 528), (179, 529), (179, 530), (179, 531), (179, 532), (179, 533), (179, 534), (179, 535), (179, 536), (179, 537), (179, 538), (179, 539), (179, 540), (179, 541), (179, 542), (179, 543), (179, 544), (179, 545), (179, 546), (179, 547), (179, 548), (179, 549), (179, 550), (179, 551), (179, 552), (179, 553), (179, 554), (179, 555), (179, 556), (179, 557), (179, 558), (179, 559), (178, 560), (178, 561), (177, 562), (177, 563), (176, 564), (176, 565)]"
3,"(176, 111)","(178, 650)","[(176, 111), (176, 112), (176, 113), (176, 114), (176, 115), (176, 116), (176, 117), (176, 118), (176, 119), (176, 120), (176, 121), (176, 122), (176, 123), (176, 124), (177, 125), (177, 126), (177, 127), (177, 128), (177, 129), (177, 130), (177, 131), (177, 132), (177, 133), (177, 134), (177, 135), (177, 136), (177, 137), (177, 138), (177, 139), (177, 140), (177, 141), (177, 142), (177, 143), (177, 144), (177, 145), (177, 146), (177, 147), (177, 148), (177, 149), (177, 150), (177, 151), (177, 152), (177, 153), (177, 154), (177, 155), (177, 156), (177, 157), (178, 158), (179, 159), (179, 160), (179, 161), (179, 162), (179, 163), (179, 164), (179, 165), (179, 166), (179, 167), (179, 168), (179, 169), (179, 170), (179, 171), (179, 172), (179, 173), (179, 174), (179, 175), (179, 176), (179, 177), (179, 178), (179, 179), (179, 180), (179, 181), (179, 182), (179, 183), (179, 184), (179, 185), (179, 186), (179, 187), (179, 188), (179, 189), (179, 190), (179, 191), (179, 192), (179, 193), (179, 194), (179, 195), (179, 196), (179, 197), (179, 198), (179, 199), (179, 200), (179, 201), (179, 202), (179, 203), (179, 204), (179, 205), (179, 206), (179, 207), (179, 208), (179, 209), (179, 210), (179, 211), (179, 212), (179, 213), (179, 214), (179, 215), (179, 216), (179, 217), (179, 218), (179, 219), (179, 220), (179, 221), (179, 222), (179, 223), (179, 224), (179, 225), (179, 226), (179, 227), (179, 228), (179, 229), (179, 230), (179, 231), (179, 232), (179, 233), (179, 234), (179, 235), (179, 236), (179, 237), (179, 238), (179, 239), (179, 240), (179, 241), (179, 242), (179, 243), (179, 244), (179, 245), (179, 246), (179, 247), (179, 248), (179, 249), (179, 250), (179, 251), (179, 252), (179, 253), (179, 254), (179, 255), (179, 256), (179, 257), (179, 258), (179, 259), (179, 260), (179, 261), (179, 262), (179, 263), (179, 264), (179, 265), (179, 266), (179, 267), (179, 268), (179, 269), (179, 270), (179, 271), (179, 272), (179, 273), (179, 274), (179, 275), (179, 276), (179, 277), (179, 278), (179, 279), (179, 280), (179, 281), (179, 282), (179, 283), (179, 284), (179, 285), (179, 286), (179, 287), (179, 288), (179, 289), (179, 290), (179, 291), (179, 292), (179, 293), (179, 294), (179, 295), (179, 296), (179, 297), (179, 298), (179, 299), (179, 300), (179, 301), (179, 302), (179, 303), (179, 304), (179, 305), (179, 306), (179, 307), (179, 308), (179, 309), (179, 310), (179, 311), (179, 312), (179, 313), (179, 314), (179, 315), (179, 316), (179, 317), (179, 318), (179, 319), (179, 320), (179, 321), (179, 322), (179, 323), (179, 324), (179, 325), (179, 326), (179, 327), (179, 328), (179, 329), (179, 330), (179, 331), (179, 332), (179, 333), (179, 334), (179, 335), (179, 336), (179, 337), (179, 338), (179, 339), (179, 340), (179, 341), (179, 342), (179, 343), (179, 344), (179, 345), (179, 346), (179, 347), (179, 348), (179, 349), (179, 350), (179, 351), (179, 352), (179, 353), (179, 354), (179, 355), (179, 356), (179, 357), (179, 358), (179, 359), (179, 360), (179, 361), (179, 362), (179, 363), (179, 364), (179, 365), (179, 366), (179, 367), (179, 368), (179, 369), (179, 370), (179, 371), (179, 372), (179, 373), (179, 374), (179, 375), (179, 376), (179, 377), (179, 378), (179, 379), (179, 380), (179, 381), (179, 382), (179, 383), (179, 384), (179, 385), (179, 386), (179, 387), (179, 388), (179, 389), (179, 390), (179, 391), (179, 392), (179, 393), (179, 394), (179, 395), (179, 396), (179, 397), (179, 398), (179, 399), (179, 400), (179, 401), (179, 402), (179, 403), (179, 404), (179, 405), (179, 406), (179, 407), (179, 408), (179, 409), (179, 410), (179, 411), (179, 412), (179, 413), (179, 414), (179, 415), (179, 416), (179, 417), (179, 418), (179, 419), (179, 420), (179, 421), (179, 422), (179, 423), (179, 424), (179, 425), (179, 426), (179, 427), (179, 428), (179, 429), (179, 430), (179, 431), (179, 432), (179, 433), (179, 434), (179, 435), (179, 436), (179, 437), (179, 438), (179, 439), (179, 440), (179, 441), (179, 442), (179, 443), (179, 444), (179, 445), (179, 446), (179, 447), (179, 448), (179, 449), (179, 450), (179, 451), (179, 452), (179, 453), (179, 454), (179, 455), (179, 456), (179, 457), (179, 458), (179, 459), (179, 460), (179, 461), (179, 462), (179, 463), (179, 464), (179, 465), (179, 466), (179, 467), (179, 468), (179, 469), (179, 470), (179, 471), (179, 472), (179, 473), (179, 474), (179, 475), (179, 476), (179, 477), (179, 478), (179, 479), (179, 480), (179, 481), (179, 482), (179, 483), (179, 484), (179, 485), (179, 486), (179, 487), (179, 488), (179, 489), (179, 490), (179, 491), (179, 492), (179, 493), (179, 494), (179, 495), (179, 496), (179, 497), (179, 498), (179, 499), (179, 500), (179, 501), (179, 502), (179, 503), (179, 504), (179, 505), (179, 506), (179, 507), (179, 508), (179, 509), (179, 510), (179, 511), (179, 512), (179, 513), (179, 514), (179, 515), (179, 516), (179, 517), (179, 518), (179, 519), (179, 520), (179, 521), (179, 522), (179, 523), (179, 524), (179, 525), (179, 526), (179, 527), (179, 528), (179, 529), (179, 530), (179, 531), (179, 532), (179, 533), (179, 534), (179, 535), (179, 536), (179, 537), (179, 538), (179, 539), (179, 540), (179, 541), (179, 542), (179, 543), (179, 544), (179, 545), (179, 546), (179, 547), (179, 548), (179, 549), (179, 550), (179, 551), (179, 552), (179, 553), (179, 554), (179, 555), (179, 556), (179, 557), (179, 558), (179, 559), (179, 560), (179, 561), (179, 562), (179, 563), (179, 564), (179, 565), (179, 566), (179, 567), (179, 568), (179, 569), (179, 570), (179, 571), (179, 572), (179, 573), (179, 574), (179, 575), (179, 576), (179, 577), (179, 578), (179, 579), (179, 580), (179, 581), (179, 582), (179, 583), (179, 584), (179, 585), (179, 586), (179, 587), (179, 588), (179, 589), (179, 590), (179, 591), (179, 592), (179, 593), (179, 594), (179, 595), (179, 596), (179, 597), (179, 598), (179, 599), (179, 600), (179, 601), (179, 602), (179, 603), (179, 604), (179, 605), (179, 606), (179, 607), (179, 608), (179, 609), (179, 610), (179, 611), (179, 612), (179, 613), (179, 614), (179, 615), (179, 616), (179, 617), (179, 618), (179, 619), (179, 620), (179, 621), (178, 622), (178, 623), (178, 624), (178, 625), (178, 626), (178, 627), (178, 628), (178, 629), (178, 630), (178, 631), (178, 632), (178, 633), (178, 634), (178, 635), (178, 636), (178, 637), (178, 638), (178, 639), (178, 640), (178, 641), (178, 642), (178, 643), (178, 644), (178, 645), (178, 646), (178, 647), (178, 648), (178, 649), (178, 650)]"
4,"(176, 111)","(245, 276)","[(176, 111), (176, 112), (176, 113), (176, 114), (176, 115), (176, 116), (176, 117), (176, 118), (176, 119), (176, 120), (176, 121), (176, 122), (176, 123), (176, 124), (177, 125), (177, 126), (177, 127), (177, 128), (177, 129), (177, 130), (177, 131), (177, 132), (177, 133), (177, 134), (177, 135), (177, 136), (177, 137), (177, 138), (177, 139), (177, 140), (177, 141), (177, 142), (177, 143), (178, 144), (179, 145), (180, 146), (181, 147), (182, 148), (183, 149), (184, 150), (185, 151), (186, 152), (187, 153), (188, 154), (189, 155), (190, 156), (191, 157), (191, 158), (192, 159), (192, 160), (193, 161), (194, 162), (195, 163), (196, 164), (197, 165), (198, 166), (199, 167), (200, 168), (201, 169), (202, 170), (203, 171), (204, 172), (205, 173), (206, 174), (207, 175), (208, 176), (209, 177), (210, 178), (211, 179), (212, 180), (213, 181), (214, 182), (215, 183), (216, 184), (217, 185), (218, 186), (219, 187), (220, 188), (221, 189), (222, 190), (223, 191), (224, 192), (225, 193), (226, 194), (227, 195), (228, 196), (229, 197), (230, 198), (231, 199), (232, 200), (233, 201), (234, 202), (235, 203), (236, 204), (237, 205), (238, 206), (239, 207), (240, 208), (241, 209), (242, 210), (243, 211), (243, 212), (243, 213), (243, 214), (243, 215), (243, 216), (243, 217), (243, 218), (243, 219), (243, 220), (243, 221), (243, 222), (243, 223), (243, 224), (243, 225), (243, 226), (243, 227), (243, 228), (243, 229), (243, 230), (243, 231), (243, 232), (243, 233), (243, 234), (243, 235), (243, 236), (243, 237), (243, 238), (243, 239), (243, 240), (243, 241), (243, 242), (243, 243), (243, 244), (243, 245), (243, 246), (243, 247), (243, 248), (243, 249), (243, 250), (243, 251), (243, 252), (243, 253), (243, 254), (243, 255), (243, 256), (243, 257), (243, 258), (243, 259), (243, 260), (243, 261), (243, 262), (243, 263), (243, 264), (243, 265), (243, 266), (243, 267), (243, 268), (243, 269), (243, 270), (243, 271), (243, 272), (244, 273), (244, 274), (244, 275), (245, 276)]"
5,"(176, 111)","(245, 552)","[(176, 111), (176, 112), (176, 113), (176, 114), (176, 115), (176, 116), (176, 117), (176, 118), (176, 119), (176, 120), (176, 121), (176, 122), (176, 123), (176, 124), (177, 125), (177, 126), (177, 127), (177, 128), (177, 129), (177, 130), (177, 131), (177, 132), (177, 133), (177, 134), (177, 135), (177, 136), (177, 137), (177, 138), (177, 139), (177, 140), (177, 141), (177, 142), (177, 143), (177, 144), (177, 145), (177, 146), (177, 147), (177, 148), (178, 149), (179, 150), (180, 151), (181, 152), (182, 153), (183, 154), (184, 155), (185, 156), (186, 157), (187, 158), (188, 159), (189, 160), (190, 161), (191, 162), (192, 163), (193, 164), (194, 165), (195, 166), (196, 167), (197, 168), (198, 169), (199, 170), (200, 171), (201, 172), (202, 173), (203, 174), (204, 175), (205, 176), (206, 177), (207, 178), (208, 179), (209, 180), (210, 181), (211, 182), (212, 183), (213, 184), (214, 185), (215, 186), (216, 187), (217, 188), (218, 189), (219, 190), (220, 191), (221, 192), (222, 193), (223, 194), (224, 195), (225, 196), (226, 197), (227, 198), (228, 199), (229, 200), (230, 201), (231, 202), (232, 203), (233, 204), (234, 205), (235, 206), (236, 207), (237, 208), (238, 209), (239, 210), (240, 211), (241, 212), (242, 213), (242, 214), (242, 215), (242, 216), (242, 217), (242, 218), (242, 219), (242, 220), (242, 221), (242, 222), (242, 223), (242, 224), (242, 225), (242, 226), (242, 227), (242, 228), (242, 229), (242, 230), (242, 231), (242, 232), (242, 233), (242, 234), (242, 235), (242, 236), (242, 237), (242, 238), (242, 239), (242, 240), (242, 241), (242, 242), (242, 243), (242, 244), (242, 245), (242, 246), (242, 247), (242, 248), (242, 249), (242, 250), (242, 251), (242, 252), (242, 253), (242, 254), (242, 255), (242, 256), (242, 257), (242, 258), (242, 259), (242, 260), (242, 261), (242, 262), (242, 263), (242, 264), (242, 265), (242, 266), (242, 267), (242, 268), (242, 269), (242, 270), (242, 271), (242, 272), (242, 273), (242, 274), (242, 275), (242, 276), (242, 277), (242, 278), (242, 279), (242, 280), (242, 281), (242, 282), (242, 283), (242, 284), (242, 285), (242, 286), (242, 287), (242, 288), (242, 289), (242, 290), (242, 291), (242, 292), (242, 293), (242, 294), (242, 295), (242, 296), (242, 297), (242, 298), (242, 299), (242, 300), (242, 301), (242, 302), (242, 303), (242, 304), (242, 305), (242, 306), (242, 307), (242, 308), (242, 309), (242, 310), (242, 311), (242, 312), (242, 313), (242, 314), (242, 315), (242, 316), (242, 317), (242, 318), (242, 319), (242, 320), (242, 321), (242, 322), (242, 323), (242, 324), (242, 325), (242, 326), (242, 327), (242, 328), (242, 329), (242, 330), (242, 331), (242, 332), (242, 333), (242, 334), (242, 335), (242, 336), (242, 337), (242, 338), (242, 339), (243, 340), (243, 341), (243, 342), (243, 343), (243, 344), (243, 345), (243, 346), (243, 347), (243, 348), (243, 349), (243, 350), (243, 351), (243, 352), (243, 353), (243, 354), (243, 355), (243, 356), (243, 357), (243, 358), (243, 359), (243, 360), (243, 361), (243, 362), (243, 363), (243, 364), (243, 365), (243, 366), (243, 367), (243, 368), (243, 369), (243, 370), (243, 371), (243, 372), (243, 373), (243, 374), (243, 375), (243, 376), (243, 377), (243, 378), (243, 379), (243, 380), (243, 381), (243, 382), (243, 383), (243, 384), (243, 385), (243, 386), (243, 387), (243, 388), (243, 389), (243, 390), (243, 391), (243, 392), (243, 393), (243, 394), (243, 395), (243, 396), (243, 397), (243, 398), (243, 399), (243, 400), (243, 401), (243, 402), (243, 403), (243, 404), (243, 405), (243, 406), (243, 407), (243, 408), (243, 409), (243, 410), (243, 411), (243, 412), (243, 413), (243, 414), (243, 415), (243, 416), (243, 417), (243, 418), (243, 419), (243, 420), (243, 421), (243, 422), (243, 423), (243, 424), (243, 425), (243, 426), (243, 427), (243, 428), (243, 429), (243, 430), (243, 431), (243, 432), (243, 433), (243, 434), (243, 435), (243, 436), (243, 437), (243, 438), (243, 439), (243, 440), (243, 441), (243, 442), (243, 443), (243, 444), (243, 445), (243, 446), (243, 447), (243, 448), (243, 449), (243, 450), (243, 451), (243, 452), (243, 453), (243, 454), (243, 455), (243, 456), (243, 457), (243, 458), (243, 459), (243, 460), (243, 461), (243, 462), (243, 463), (243, 464), (243, 465), (243, 466), (243, 467), (243, 468), (243, 469), (243, 470), (243, 471), (243, 472), (243, 473), (243, 474), (243, 475), (243, 476), (243, 477), (243, 478), (243, 479), (243, 480), (243, 481), (243, 482), (243, 483), (243, 484), (243, 485), (243, 486), (243, 487), (243, 488), (243, 489), (243, 490), (243, 491), (243, 492), (243, 493), (243, 494), (243, 495), (243, 496), (243, 497), (243, 498), (243, 499), (243, 500), (243, 501), (243, 502), (243, 503), (243, 504), (243, 505), (243, 506), (243, 507), (243, 508), (243, 509), (243, 510), (243, 511), (243, 512), (243, 513), (243, 514), (243, 515), (243, 516), (243, 517), (243, 518), (243, 519), (243, 520), (243, 521), (243, 522), (243, 523), (243, 524), (243, 525), (243, 526), (243, 527), (243, 528), (243, 529), (243, 530), (243, 531), (243, 532), (243, 533), (243, 534), (243, 535), (243, 536), (243, 537), (243, 538), (243, 539), (243, 540), (243, 541), (243, 542), (243, 543), (243, 544), (243, 545), (243, 546), (243, 547), (243, 548), (244, 549), (244, 550), (244, 551), (245, 552)]"
6,"(176, 257)","(177, 417)","[(176, 257), (176, 258), (176, 259), (176, 260), (176, 261), (176, 262), (176, 263), (176, 264), (176, 265), (176, 266), (176, 267), (176, 268), (176, 269), (176, 270), (176, 271), (176, 272), (177, 273), (177, 274), (177, 275), (177, 276), (177, 277), (177, 278), (177, 279), (177, 280), (177, 281), (177, 282), (177, 283), (177, 284), (177, 285), (177, 286), (177, 287), (177, 288), (177, 289), (177, 290), (177, 291), (177, 292), (177, 293), (177, 294), (177, 295), (177, 296), (177, 297), (177, 298), (177, 299), (177, 300), (177, 301), (177, 302), (177, 303), (177, 304), (177, 305), (177, 306), (177, 307), (177, 308), (177, 309), (177, 310), (177, 311), (177, 312), (177, 313), (177, 314), (177, 315), (177, 316), (177, 317), (177, 318), (177, 319), (177, 320), (177, 321), (177, 322), (177, 323), (177, 324), (177, 325), (177, 326), (177, 327), (177, 328), (177, 329), (177, 330), (177, 331), (177, 332), (177, 333), (177, 334), (177, 335), (177, 336), (177, 337), (177, 338), (177, 339), (177, 340), (177, 341), (177, 342), (177, 343), (177, 344), (177, 345), (177, 346), (177, 347), (177, 348), (177, 349), (177, 350), (177, 351), (177, 352), (177, 353), (177, 354), (177, 355), (177, 356), (177, 357), (177, 358), (177, 359), (177, 360), (177, 361), (177, 362), (177, 363), (177, 364), (177, 365), (177, 366), (177, 367), (177, 368), (177, 369), (177, 370), (177, 371), (177, 372), (177, 373), (177, 374), (177, 375), (177, 376), (177, 377), (177, 378), (177, 379), (177, 380), (177, 381), (177, 382), (177, 383), (177, 384), (177, 385), (177, 386), (177, 387), (177, 388), (177, 389), (177, 390), (177, 391), (177, 392), (177, 393), (177, 394), (177, 395), (177, 396), (177, 397), (177, 398), (177, 399), (177, 400), (177, 401), (177, 402), (177, 403), (177, 404), (177, 405), (177, 406), (177, 407), (177, 408), (177, 409), (177, 410), (177, 411), (177, 412), (177, 413), (177, 414), (177, 415), (177, 416), (177, 417)]"
7,"(176, 257)","(176, 565)","[(176, 257), (176, 258), (176, 259), (176, 260), (176, 261), (176, 262), (176, 263), (176, 264), (176, 265), (176, 266), (176, 267), (176, 268), (176, 269), (176, 270), (176, 271), (176, 272), (177, 273), (177, 274), (177, 275), (177, 276), (177, 277), (177, 278), (177, 279), (177, 280), (177, 281), (177, 282), (177, 283), (177, 284), (177, 285), (177, 286), (177, 287), (177, 288), (177, 289), (177, 290), (177, 291), (177, 292), (177, 293), (177, 294), (177, 295), (177, 296), (177, 297), (177, 298), (177, 299), (177, 300), (177, 301), (177, 302), (177, 303), (177, 304), (177, 305), (177, 306), (177, 307), (177, 308), (177, 309), (177, 310), (177, 311), (177, 312), (177, 313), (177, 314), (177, 315), (177, 316), (177, 317), (177, 318), (177, 319), (177, 320), (177, 321), (177, 322), (177, 323), (177, 324), (177, 325), (177, 326), (177, 327), (177, 328), (177, 329), (177, 330), (177, 331), (177, 332), (177, 333), (177, 334), (177, 335), (177, 336), (177, 337), (177, 338), (177, 339), (177, 340), (177, 341), (177, 342), (177, 343), (177, 344), (177, 345), (177, 346), (177, 347), (177, 348), (177, 349), (177, 350), (177, 351), (177, 352), (177, 353), (177, 354), (177, 355), (177, 356), (177, 357), (177, 358), (177, 359), (177, 360), (177, 361), (177, 362), (177, 363), (177, 364), (177, 365), (177, 366), (177, 367), (177, 368), (177, 369), (177, 370), (177, 371), (177, 372), (177, 373), (177, 374), (177, 375), (177, 376), (177, 377), (177, 378), (177, 379), (177, 380), (177, 381), (177, 382), (177, 383), (177, 384), (177, 385), (177, 386), (177, 387), (177, 388), (177, 389), (177, 390), (177, 391), (177, 392), (177, 393), (177, 394), (177, 395), (177, 396), (177, 397), (177, 398), (177, 399), (177, 400), (177, 401), (177, 402), (177, 403), (177, 404), (177, 405), (177, 406), (177, 407), (177, 408), (177, 409), (177, 410), (177, 411), (177, 412), (177, 413), (177, 414), (177, 415), (177, 416), (177, 417), (177, 418), (177, 419), (177, 420), (177, 421), (177, 422), (177, 423), (177, 424), (177, 425), (177, 426), (177, 427), (177, 428), (177, 429), (177, 430), (177, 431), (177, 432), (177, 433), (177, 434), (177, 435), (177, 436), (177, 437), (177, 438), (177, 439), (177, 440), (177, 441), (177, 442), (177, 443), (177, 444), (177, 445), (177, 446), (177, 447), (177, 448), (177, 449), (177, 450), (177, 451), (177, 452), (177, 453), (177, 454), (177, 455), (177, 456), (177, 457), (177, 458), (177, 459), (177, 460), (177, 461), (177, 462), (177, 463), (177, 464), (177, 465), (177, 466), (177, 467), (177, 468), (177, 469), (177, 470), (177, 471), (177, 472), (177, 473), (177, 474), (177, 475), (177, 476), (177, 477), (177, 478), (177, 479), (177, 480), (177, 481), (177, 482), (177, 483), (177, 484), (177, 485), (177, 486), (177, 487), (177, 488), (177, 489), (177, 490), (177, 491), (177, 492), (177, 493), (177, 494), (177, 495), (177, 496), (177, 497), (177, 498), (177, 499), (177, 500), (177, 501), (177, 502), (177, 503), (177, 504), (177, 505), (177, 506), (177, 507), (177, 508), (177, 509), (177, 510), (177, 511), (177, 512), (177, 513), (177, 514), (177, 515), (177, 516), (177, 517), (177, 518), (177, 519), (177, 520), (177, 521), (177, 522), (177, 523), (177, 524), (177, 525), (177, 526), (177, 527), (177, 528), (177, 529), (177, 530), (177, 531), (177, 532), (177, 533), (177, 534), (177, 535), (177, 536), (177, 537), (177, 538), (177, 539), (177, 540), (177, 541), (177, 542), (177, 543), (177, 544), (177, 545), (177, 546), (177, 547), (177, 548), (177, 549), (177, 550), (177, 551), (177, 552), (177, 553), (177, 554), (177, 555), (177, 556), (177, 557), (177, 558), (177, 559), (177, 560), (177, 561), (177, 562), (177, 563), (176, 564), (176, 565)]"
8,"(176, 257)","(178, 650)","[(176, 257), (176, 258), (176, 259), (176, 260), (176, 261), (176, 262), (176, 263), (176, 264), (176, 265), (176, 266), (176, 267), (176, 268), (176, 269), (176, 270), (176, 271), (176, 272), (177, 273), (177, 274), (177, 275), (177, 276), (177, 277), (177, 278), (177, 279), (177, 280), (177, 281), (177, 282), (177, 283), (177, 284), (177, 285), (177, 286), (177, 287), (177, 288), (177, 289), (177, 290), (177, 291), (177, 292), (177, 293), (177, 294), (177, 295), (177, 296), (177, 297), (177, 298), (177, 299), (177, 300), (177, 301), (177, 302), (177, 303), (177, 304), (177, 305), (177, 306), (177, 307), (177, 308), (177, 309), (177, 310), (177, 311), (177, 312), (177, 313), (177, 314), (177, 315), (177, 316), (177, 317), (177, 318), (177, 319), (177, 320), (177, 321), (177, 322), (177, 323), (177, 324), (177, 325), (177, 326), (177, 327), (177, 328), (177, 329), (177, 330), (177, 331), (177, 332), (177, 333), (177, 334), (177, 335), (177, 336), (177, 337), (177, 338), (177, 339), (177, 340), (177, 341), (177, 342), (177, 343), (177, 344), (177, 345), (177, 346), (177, 347), (177, 348), (177, 349), (177, 350), (177, 351), (177, 352), (177, 353), (177, 354), (177, 355), (177, 356), (177, 357), (177, 358), (177, 359), (177, 360), (177, 361), (177, 362), (177, 363), (177, 364), (177, 365), (177, 366), (177, 367), (177, 368), (177, 369), (177, 370), (177, 371), (177, 372), (177, 373), (177, 374), (177, 375), (177, 376), (177, 377), (177, 378), (177, 379), (177, 380), (177, 381), (177, 382), (177, 383), (177, 384), (177, 385), (177, 386), (177, 387), (177, 388), (177, 389), (177, 390), (177, 391), (177, 392), (177, 393), (177, 394), (177, 395), (177, 396), (177, 397), (177, 398), (177, 399), (177, 400), (177, 401), (177, 402), (177, 403), (177, 404), (177, 405), (177, 406), (177, 407), (177, 408), (177, 409), (177, 410), (177, 411), (177, 412), (177, 413), (177, 414), (177, 415), (177, 416), (177, 417), (177, 418), (177, 419), (177, 420), (177, 421), (177, 422), (177, 423), (177, 424), (177, 425), (177, 426), (177, 427), (177, 428), (177, 429), (177, 430), (177, 431), (177, 432), (177, 433), (177, 434), (177, 435), (177, 436), (177, 437), (177, 438), (177, 439), (177, 440), (177, 441), (177, 442), (177, 443), (177, 444), (177, 445), (177, 446), (177, 447), (177, 448), (177, 449), (177, 450), (177, 451), (177, 452), (177, 453), (177, 454), (177, 455), (177, 456), (177, 457), (177, 458), (177, 459), (177, 460), (177, 461), (177, 462), (177, 463), (177, 464), (177, 465), (177, 466), (177, 467), (177, 468), (177, 469), (177, 470), (177, 471), (177, 472), (177, 473), (177, 474), (177, 475), (177, 476), (177, 477), (177, 478), (177, 479), (177, 480), (177, 481), (177, 482), (177, 483), (177, 484), (177, 485), (177, 486), (177, 487), (177, 488), (177, 489), (177, 490), (177, 491), (177, 492), (177, 493), (177, 494), (177, 495), (177, 496), (177, 497), (177, 498), (177, 499), (177, 500), (177, 501), (177, 502), (177, 503), (177, 504), (177, 505), (177, 506), (177, 507), (177, 508), (177, 509), (177, 510), (177, 511), (177, 512), (177, 513), (177, 514), (177, 515), (177, 516), (177, 517), (177, 518), (177, 519), (177, 520), (177, 521), (177, 522), (177, 523), (177, 524), (177, 525), (177, 526), (177, 527), (177, 528), (177, 529), (177, 530), (177, 531), (177, 532), (177, 533), (177, 534), (177, 535), (177, 536), (177, 537), (177, 538), (177, 539), (177, 540), (177, 541), (177, 542), (177, 543), (177, 544), (177, 545), (177, 546), (177, 547), (177, 548), (177, 549), (177, 550), (177, 551), (177, 552), (177, 553), (177, 554), (177, 555), (177, 556), (177, 557), (177, 558), (177, 559), (177, 560), (177, 561), (177, 562), (177, 563), (177, 564), (177, 565), (177, 566), (177, 567), (177, 568), (177, 569), (177, 570), (177, 571), (177, 572), (177, 573), (177, 574), (177, 575), (177, 576), (177, 577), (177, 578), (177, 579), (177, 580), (177, 581), (177, 582), (177, 583), (177, 584), (177, 585), (177, 586), (177, 587), (177, 588), (177, 589), (177, 590), (177, 591), (177, 592), (177, 593), (177, 594), (177, 595), (177, 596), (177, 597), (177, 598), (177, 599), (177, 600), (177, 601), (177, 602), (177, 603), (177, 604), (177, 605), (177, 606), (177, 607), (177, 608), (177, 609), (177, 610), (177, 611), (177, 612), (177, 613), (177, 614), (177, 615), (177, 616), (177, 617), (177, 618), (177, 619), (177, 620), (177, 621), (177, 622), (177, 623), (177, 624), (177, 625), (177, 626), (177, 627), (177, 628), (177, 629), (177, 630), (177, 631), (177, 632), (177, 633), (177, 634), (177, 635), (177, 636), (177, 637), (177, 638), (177, 639), (177, 640), (177, 641), (177, 642), (177, 643), (177, 644), (177, 645), (177, 646), (177, 647), (177, 648), (177, 649), (178, 650)]"
9,"(176, 257)","(245, 276)","[(176, 257), (177, 257), (178, 257), (179, 257), (180, 257), (181, 257), (182, 257), (183, 257), (184, 257), (185, 257), (186, 257), (187, 257), (188, 257), (189, 257), (190, 257), (191, 257), (192, 257), (193, 257), (194, 257), (195, 257), (196, 257), (197, 257), (198, 257), (199, 257), (200, 257), (201, 257), (202, 257), (203, 257), (204, 257), (205, 258), (206, 258), (207, 258), (208, 258), (209, 259), (210, 260), (211, 261), (212, 261), (213, 261), (214, 262), (215, 262), (216, 263), (217, 263), (218, 264), (219, 264), (220, 265), (221, 265), (222, 266), (223, 266), (224, 266), (225, 267), (226, 267), (227, 268), (228, 268), (229, 269), (230, 269), (231, 270), (232, 270), (233, 271), (234, 271), (235, 271), (236, 272), (237, 272), (238, 273), (239, 273), (240, 274), (241, 274), (242, 275), (243, 275), (244, 275), (245, 276)]"
10,"(176, 257)","(245, 552)","[(176, 257), (176, 258), (176, 259), (176, 260), (176, 261), (176, 262), (176, 263), (176, 264), (176, 265), (176, 266), (176, 267), (176, 268), (176, 269), (176, 270), (176, 271), (176, 272), (177, 273), (177, 274), (177, 275), (177, 276), (177, 277), (177, 278), (177, 279), (177, 280), (177, 281), (177, 282), (177, 283), (177, 284), (177, 285), (177, 286), (177, 287), (177, 288), (177, 289), (177, 290), (177, 291), (177, 292), (177, 293), (177, 294), (178, 295), (179, 296), (180, 297), (181, 298), (182, 299), (183, 300), (184, 301), (185, 302), (186, 303), (187, 304), (188, 305), (189, 306), (190, 307), (191, 308), (192, 309), (193, 310), (194, 311), (195, 312), (196, 313), (197, 314), (198, 315), (199, 316), (200, 317), (201, 318), (202, 319), (203, 320), (204, 321), (205, 322), (206, 323), (207, 324), (208, 325), (209, 326), (210, 327), (211, 328), (212, 329), (213, 330), (214, 331), (215, 332), (216, 333), (217, 334), (218, 335), (219, 336), (220, 337), (221, 338), (222, 339), (223, 340), (224, 341), (225, 342), (226, 343), (227, 344), (228, 345), (229, 346), (230, 347), (231, 348), (232, 349), (233, 350), (234, 351), (235, 352), (236, 353), (237, 354), (238, 355), (239, 356), (240, 357), (241, 358), (242, 359), (242, 360), (242, 361), (242, 362), (242, 363), (242, 364), (242, 365), (242, 366), (242, 367), (242, 368), (242, 369), (242, 370), (242, 371), (242, 372), (242, 373), (242, 374), (242, 375), (242, 376), (242, 377), (242, 378), (242, 379), (242, 380), (242, 381), (242, 382), (242, 383), (242, 384), (242, 385), (242, 386), (242, 387), (242, 388), (242, 389), (242, 390), (242, 391), (242, 392), (242, 393), (242, 394), (242, 395), (242, 396), (242, 397), (242, 398), (242, 399), (242, 400), (242, 401), (242, 402), (242, 403), (242, 404), (242, 405), (242, 406), (242, 407), (242, 408), (242, 409), (242, 410), (242, 411), (242, 412), (242, 413), (242, 414), (242, 415), (242, 416), (242, 417), (242, 418), (242, 419), (242, 420), (242, 421), (242, 422), (242, 423), (242, 424), (242, 425), (242, 426), (242, 427), (242, 428), (242, 429), (242, 430), (242, 431), (242, 432), (242, 433), (242, 434), (242, 435), (242, 436), (242, 437), (242, 438), (242, 439), (242, 440), (242, 441), (242, 442), (242, 443), (242, 444), (242, 445), (242, 446), (242, 447), (242, 448), (242, 449), (242, 450), (242, 451), (242, 452), (242, 453), (242, 454), (242, 455), (242, 456), (242, 457), (242, 458), (242, 459), (242, 460), (242, 461), (242, 462), (242, 463), (242, 464), (242, 465), (242, 466), (242, 467), (242, 468), (242, 469), (242, 470), (242, 471), (242, 472), (242, 473), (242, 474), (242, 475), (242, 476), (242, 477), (242, 478), (242, 479), (242, 480), (242, 481), (242, 482), (242, 483), (242, 484), (242, 485), (243, 486), (243, 487), (243, 488), (243, 489), (243, 490), (243, 491), (243, 492), (243, 493), (243, 494), (243, 495), (243, 496), (243, 497), (243, 498), (243, 499), (243, 500), (243, 501), (243, 502), (243, 503), (243, 504), (243, 505), (243, 506), (243, 507), (243, 508), (243, 509), (243, 510), (243, 511), (243, 512), (243, 513), (243, 514), (243, 515), (243, 516), (243, 517), (243, 518), (243, 519), (243, 520), (243, 521), (243, 522), (243, 523), (243, 524), (243, 525), (243, 526), (243, 527), (243, 528), (243, 529), (243, 530), (243, 531), (243, 532), (243, 533), (243, 534), (243, 535), (243, 536), (243, 537), (243, 538), (243, 539), (243, 540), (243, 541), (243, 542), (243, 543), (243, 544), (243, 545), (243, 546), (243, 547), (243, 548), (244, 549), (244, 550), (244, 551), (245, 552)]"
11,"(177, 417)","(176, 565)","[(177, 417), (177, 418), (177, 419), (177, 420), (177, 421), (177, 422), (177, 423), (177, 424), (177, 425), (177, 426), (177, 427), (177, 428), (177, 429), (177, 430), (177, 431), (177, 432), (177, 433), (177, 434), (177, 435), (177, 436), (177, 437), (177, 438), (177, 439), (177, 440), (177, 441), (177, 442), (177, 443), (177, 444), (177, 445), (177, 446), (177, 447), (177, 448), (177, 449), (177, 450), (177, 451), (177, 452), (177, 453), (177, 454), (177, 455), (177, 456), (177, 457), (177, 458), (177, 459), (177, 460), (177, 461), (177, 462), (177, 463), (177, 464), (177, 465), (177, 466), (177, 467), (177, 468), (177, 469), (177, 470), (177, 471), (177, 472), (177, 473), (177, 474), (177, 475), (177, 476), (177, 477), (177, 478), (177, 479), (177, 480), (177, 481), (177, 482), (177, 483), (177, 484), (177, 485), (177, 486), (177, 487), (177, 488), (177, 489), (177, 490), (177, 491), (177, 492), (177, 493), (177, 494), (177, 495), (177, 496), (177, 497), (177, 498), (177, 499), (177, 500), (177, 501), (177, 502), (177, 503), (177, 504), (177, 505), (177, 506), (177, 507), (177, 508), (177, 509), (177, 510), (177, 511), (177, 512), (177, 513), (177, 514), (177, 515), (177, 516), (177, 517), (177, 518), (177, 519), (177, 520), (177, 521), (177, 522), (177, 523), (177, 524), (177, 525), (177, 526), (177, 527), (177, 528), (177, 529), (177, 530), (177, 531), (177, 532), (177, 533), (177, 534), (177, 535), (177, 536), (177, 537), (177, 538), (177, 539), (177, 540), (177, 541), (177, 542), (177, 543), (177, 544), (177, 545), (177, 546), (177, 547), (177, 548), (177, 549), (177, 550), (177, 551), (177, 552), (177, 553), (177, 554), (177, 555), (177, 556), (177, 557), (177, 558), (177, 559), (177, 560), (177, 561), (177, 562), (177, 563), (176, 564), (176, 565)]"
12,"(177, 417)","(178, 650)","[(177, 417), (177, 418), (177, 419), (177, 420), (177, 421), (177, 422), (177, 423), (177, 424), (177, 425), (177, 426), (177, 427), (177, 428), (177, 429), (177, 430), (177, 431), (177, 432), (177, 433), (177, 434), (177, 435), (177, 436), (177, 437), (177, 438), (177, 439), (177, 440), (177, 441), (177, 442), (177, 443), (177, 444), (177, 445), (177, 446), (177, 447), (177, 448), (177, 449), (177, 450), (177, 451), (177, 452), (177, 453), (177, 454), (177, 455), (177, 456), (177, 457), (177, 458), (177, 459), (177, 460), (177, 461), (177, 462), (177, 463), (177, 464), (177, 465), (177, 466), (177, 467), (177, 468), (177, 469), (177, 470), (177, 471), (177, 472), (177, 473), (177, 474), (177, 475), (177, 476), (177, 477), (177, 478), (177, 479), (177, 480), (177, 481), (177, 482), (177, 483), (177, 484), (177, 485), (177, 486), (177, 487), (177, 488), (177, 489), (177, 490), (177, 491), (177, 492), (177, 493), (177, 494), (177, 495), (177, 496), (177, 497), (177, 498), (177, 499), (177, 500), (177, 501), (177, 502), (177, 503), (177, 504), (177, 505), (177, 506), (177, 507), (177, 508), (177, 509), (177, 510), (177, 511), (177, 512), (177, 513), (177, 514), (177, 515), (177, 516), (177, 517), (177, 518), (177, 519), (177, 520), (177, 521), (177, 522), (177, 523), (177, 524), (177, 525), (177, 526), (177, 527), (177, 528), (177, 529), (177, 530), (177, 531), (177, 532), (177, 533), (177, 534), (177, 535), (177, 536), (177, 537), (177, 538), (177, 539), (177, 540), (177, 541), (177, 542), (177, 543), (177, 544), (177, 545), (177, 546), (177, 547), (177, 548), (177, 549), (177, 550), (177, 551), (177, 552), (177, 553), (177, 554), (177, 555), (177, 556), (177, 557), (177, 558), (177, 559), (177, 560), (177, 561), (177, 562), (177, 563), (177, 564), (177, 565), (177, 566), (177, 567), (177, 568), (177, 569), (177, 570), (177, 571), (177, 572), (177, 573), (177, 574), (177, 575), (177, 576), (177, 577), (177, 578), (177, 579), (177, 580), (177, 581), (177, 582), (177, 583), (177, 584), (177, 585), (177, 586), (177, 587), (177, 588), (177, 589), (177, 590), (177, 591), (177, 592), (177, 593), (177, 594), (177, 595), (177, 596), (177, 597), (177, 598), (177, 599), (177, 600), (177, 601), (177, 602), (177, 603), (177, 604), (177, 605), (177, 606), (177, 607), (177, 608), (177, 609), (177, 610), (177, 611), (177, 612), (177, 613), (177, 614), (177, 615), (177, 616), (177, 617), (177, 618), (177, 619), (177, 620), (177, 621), (177, 622), (177, 623), (177, 624), (177, 625), (177, 626), (177, 627), (177, 628), (177, 629), (177, 630), (177, 631), (177, 632), (177, 633), (177, 634), (177, 635), (177, 636), (177, 637), (177, 638), (177, 639), (177, 640), (177, 641), (177, 642), (177, 643), (177, 644), (177, 645), (177, 646), (177, 647), (177, 648), (177, 649), (178, 650)]"
13,"(177, 417)","(245, 276)","[(177, 417), (178, 416), (178, 415), (179, 414), (180, 413), (180, 412), (180, 411), (180, 410), (180, 409), (180, 408), (180, 407), (180, 406), (180, 405), (180, 404), (180, 403), (180, 402), (180, 401), (180, 400), (180, 399), (180, 398), (180, 397), (180, 396), (180, 395), (180, 394), (180, 393), (180, 392), (180, 391), (180, 390), (180, 389), (180, 388), (180, 387), (181, 386), (182, 385), (183, 384), (184, 383), (185, 382), (186, 381), (187, 380), (188, 379), (189, 378), (190, 377), (191, 376), (192, 375), (193, 374), (194, 373), (195, 372), (196, 371), (197, 370), (198, 369), (199, 368), (200, 367), (201, 366), (202, 365), (203, 364), (203, 363), (204, 362), (205, 361), (206, 360), (207, 359), (208, 358), (208, 357), (209, 356), (209, 355), (210, 354), (210, 353), (210, 352), (211, 351), (211, 350), (212, 349), (212, 348), (213, 347), (213, 346), (214, 345), (214, 344), (215, 343), (216, 342), (217, 341), (218, 340), (219, 339), (220, 338), (221, 337), (222, 336), (223, 335), (224, 334), (225, 333), (226, 332), (227, 331), (228, 330), (229, 329), (230, 328), (231, 327), (232, 326), (233, 325), (234, 324), (235, 323), (236, 322), (237, 321), (238, 320), (239, 319), (240, 318), (241, 317), (242, 316), (243, 315), (243, 314), (243, 313), (243, 312), (243, 311), (243, 310), (243, 309), (243, 308), (243, 307), (243, 306), (243, 305), (243, 304), (243, 303), (243, 302), (243, 301), (243, 300), (243, 299), (243, 298), (243, 297), (243, 296), (243, 295), (243, 294), (243, 293), (243, 292), (243, 291), (243, 290), (243, 289), (243, 288), (243, 287), (243, 286), (243, 285), (243, 284), (243, 283), (243, 282), (243, 281), (243, 280), (244, 279), (244, 278), (244, 277), (245, 276)]"
14,"(177, 417)","(245, 552)","[(177, 417), (178, 418), (178, 419), (179, 420), (180, 421), (180, 422), (180, 423), (180, 424), (180, 425), (180, 426), (180, 427), (180, 428), (180, 429), (180, 430), (180, 431), (180, 432), (180, 433), (180, 434), (180, 435), (180, 436), (180, 437), (180, 438), (180, 439), (180, 440), (180, 441), (180, 442), (180, 443), (180, 444), (180, 445), (180, 446), (180, 447), (181, 448), (182, 449), (183, 450), (184, 451), (185, 452), (186, 453), (187, 454), (188, 455), (189, 456), (190, 457), (191, 458), (192, 459), (193, 460), (194, 461), (195, 462), (196, 463), (197, 464), (198, 465), (199, 466), (200, 467), (201, 468), (202, 469), (203, 470), (203, 471), (204, 472), (205, 473), (206, 474), (207, 475), (208, 476), (208, 477), (208, 478), (208, 479), (208, 480), (209, 481), (210, 482), (211, 483), (212, 484), (213, 485), (214, 486), (215, 487), (216, 488), (216, 489), (217, 490), (217, 491), (218, 492), (218, 493), (219, 494), (219, 495), (220, 496), (221, 497), (222, 498), (223, 499), (224, 500), (225, 501), (226, 502), (227, 503), (228, 504), (229, 505), (230, 506), (231, 507), (232, 508), (233, 509), (234, 510), (235, 511), (236, 512), (237, 513), (238, 514), (239, 515), (240, 516), (241, 517), (242, 518), (243, 519), (243, 520), (243, 521), (243, 522), (243, 523), (243, 524), (243, 525), (243, 526), (243, 527), (243, 528), (243, 529), (243, 530), (243, 531), (243, 532), (243, 533), (243, 534), (243, 535), (243, 536), (243, 537), (243, 538), (243, 539), (243, 540), (243, 541), (243, 542), (243, 543), (243, 544), (243, 545), (243, 546), (243, 547), (243, 548), (244, 549), (244, 550), (244, 551), (245, 552)]"
15,"(176, 565)","(178, 650)","[(176, 565), (176, 566), (176, 567), (176, 568), (176, 569), (176, 570), (176, 571), (176, 572), (176, 573), (176, 574), (177, 575), (177, 576), (177, 577), (177, 578), (177, 579), (177, 580), (177, 581), (177, 582), (177, 583), (177, 584), (177, 585), (177, 586), (177, 587), (177, 588), (177, 589), (177, 590), (177, 591), (177, 592), (177, 593), (177, 594), (177, 595), (177, 596), (177, 597), (177, 598), (177, 599), (177, 600), (177, 601), (177, 602), (177, 603), (177, 604), (177, 605), (177, 606), (177, 607), (177, 608), (177, 609), (177, 610), (177, 611), (177, 612), (177, 613), (177, 614), (177, 615), (177, 616), (177, 617), (177, 618), (177, 619), (177, 620), (177, 621), (177, 622), (177, 623), (177, 624), (177, 625), (177, 626), (177, 627), (177, 628), (177, 629), (177, 630), (177, 631), (177, 632), (177, 633), (177, 634), (177, 635), (177, 636), (177, 637), (177, 638), (177, 639), (177, 640), (177, 641), (177, 642), (177, 643), (177, 644), (177, 645), (177, 646), (177, 647), (177, 648), (177, 649), (178, 650)]"
16,"(176, 565)","(245, 276)","[(176, 565), (176, 564), (176, 563), (176, 562), (176, 561), (176, 560), (176, 559), (176, 558), (176, 557), (176, 556), (176, 555), (176, 554), (176, 553), (176, 552), (176, 551), (176, 550), (176, 549), (176, 548), (177, 547), (177, 546), (177, 545), (177, 544), (177, 543), (177, 542), (177, 541), (177, 540), (177, 539), (177, 538), (177, 537), (177, 536), (177, 535), (177, 534), (177, 533), (177, 532), (177, 531), (177, 530), (177, 529), (177, 528), (178, 527), (179, 526), (180, 525), (181, 524), (182, 523), (183, 522), (184, 521), (185, 520), (186, 519), (187, 518), (188, 517), (189, 516), (190, 515), (191, 514), (192, 513), (193, 512), (194, 511), (195, 510), (196, 509), (197, 508), (198, 507), (199, 506), (200, 505), (201, 504), (202, 503), (203, 502), (204, 501), (205, 500), (206, 499), (207, 498), (208, 497), (209, 496), (210, 495), (211, 494), (212, 493), (213, 492), (214, 491), (215, 490), (216, 489), (217, 488), (218, 487), (219, 486), (220, 485), (221, 484), (222, 483), (223, 482), (224, 481), (225, 480), (226, 479), (227, 478), (228, 477), (229, 476), (230, 475), (231, 474), (232, 473), (233, 472), (234, 471), (235, 470), (236, 469), (237, 468), (238, 467), (239, 466), (240, 465), (241, 464), (242, 463), (242, 462), (242, 461), (242, 460), (242, 459), (242, 458), (242, 457), (242, 456), (242, 455), (242, 454), (242, 453), (242, 452), (242, 451), (242, 450), (242, 449), (242, 448), (242, 447), (242, 446), (242, 445), (242, 444), (242, 443), (242, 442), (242, 441), (242, 440), (242, 439), (242, 438), (242, 437), (242, 436), (242, 435), (242, 434), (242, 433), (242, 432), (242, 431), (242, 430), (242, 429), (242, 428), (242, 427), (242, 426), (242, 425), (242, 424), (242, 423), (242, 422), (242, 421), (242, 420), (242, 419), (242, 418), (242, 417), (242, 416), (242, 415), (242, 414), (242, 413), (242, 412), (242, 411), (242, 410), (242, 409), (242, 408), (242, 407), (242, 406), (242, 405), (242, 404), (242, 403), (242, 402), (242, 401), (242, 400), (242, 399), (242, 398), (242, 397), (242, 396), (242, 395), (242, 394), (242, 393), (242, 392), (242, 391), (242, 390), (242, 389), (242, 388), (242, 387), (242, 386), (242, 385), (242, 384), (242, 383), (242, 382), (242, 381), (242, 380), (242, 379), (242, 378), (242, 377), (242, 376), (242, 375), (242, 374), (242, 373), (242, 372), (242, 371), (242, 370), (242, 369), (242, 368), (242, 367), (242, 366), (242, 365), (242, 364), (242, 363), (242, 362), (242, 361), (242, 360), (242, 359), (242, 358), (242, 357), (242, 356), (242, 355), (242, 354), (242, 353), (242, 352), (242, 351), (242, 350), (242, 349), (242, 348), (242, 347), (242, 346), (242, 345), (242, 344), (242, 343), (242, 342), (242, 341), (242, 340), (242, 339), (242, 338), (242, 337), (243, 336), (243, 335), (243, 334), (243, 333), (243, 332), (243, 331), (243, 330), (243, 329), (243, 328), (243, 327), (243, 326), (243, 325), (243, 324), (243, 323), (243, 322), (243, 321), (243, 320), (243, 319), (243, 318), (243, 317), (243, 316), (243, 315), (243, 314), (243, 313), (243, 312), (243, 311), (243, 310), (243, 309), (243, 308), (243, 307), (243, 306), (243, 305), (243, 304), (243, 303), (243, 302), (243, 301), (243, 300), (243, 299), (243, 298), (243, 297), (243, 296), (243, 295), (243, 294), (243, 293), (243, 292), (243, 291), (243, 290), (243, 289), (243, 288), (243, 287), (243, 286), (243, 285), (243, 284), (243, 283), (243, 282), (243, 281), (243, 280), (244, 279), (244, 278), (244, 277), (245, 276)]"
17,"(176, 565)","(245, 552)","[(176, 565), (177, 565), (178, 565), (179, 565), (180, 565), (181, 565), (182, 565), (183, 565), (184, 565), (185, 565), (186, 565), (187, 565), (188, 565), (189, 565), (190, 565), (191, 565), (192, 565), (193, 565), (194, 565), (195, 565), (196, 565), (197, 565), (198, 565), (199, 565), (200, 565), (201, 565), (202, 565), (203, 565), (204, 565), (205, 565), (206, 565), (207, 565), (208, 565), (209, 565), (210, 565), (211, 565), (212, 565), (213, 565), (214, 565), (215, 565), (216, 565), (217, 565), (218, 564), (219, 564), (220, 563), (221, 563), (222, 562), (223, 562), (224, 562), (225, 561), (226, 561), (227, 560), (228, 560), (229, 559), (230, 559), (231, 558), (232, 558), (233, 557), (234, 557), (235, 557), (236, 556), (237, 556), (238, 555), (239, 555), (240, 554), (241, 554), (242, 553), (243, 553), (244, 552), (245, 552)]"
18,"(178, 650)","(245, 276)","[(178, 650), (178, 649), (178, 648), (178, 647), (178, 646), (178, 645), (178, 644), (178, 643), (178, 642), (178, 641), (178, 640), (178, 639), (178, 638), (178, 637), (178, 636), (178, 635), (178, 634), (178, 633), (178, 632), (178, 631), (178, 630), (178, 629), (178, 628), (178, 627), (178, 626), (178, 625), (178, 624), (178, 623), (178, 622), (178, 621), (178, 620), (178, 619), (178, 618), (178, 617), (178, 616), (178, 615), (178, 614), (178, 613), (178, 612), (178, 611), (178, 610), (178, 609), (179, 608), (180, 607), (181, 606), (182, 605), (183, 604), (184, 603), (185, 602), (186, 601), (187, 600), (188, 599), (189, 598), (190, 597), (191, 596), (192, 595), (193, 594), (194, 593), (195, 592), (196, 591), (197, 590), (198, 589), (199, 588), (200, 587), (201, 586), (202, 585), (203, 584), (204, 583), (205, 582), (206, 581), (207, 580), (208, 579), (209, 578), (210, 577), (211, 576), (212, 575), (213, 574), (214, 573), (215, 572), (216, 571), (217, 570), (218, 569), (219, 568), (220, 567), (221, 566), (222, 565), (223, 564), (224, 563), (225, 562), (226, 561), (227, 560), (228, 559), (229, 558), (230, 557), (231, 556), (232, 555), (233, 554), (234, 553), (235, 552), (236, 551), (237, 550), (238, 549), (239, 548), (240, 547), (240, 546), (240, 545), (240, 544), (240, 543), (240, 542), (240, 541), (240, 540), (240, 539), (240, 538), (240, 537), (240, 536), (240, 535), (240, 534), (240, 533), (240, 532), (240, 531), (240, 530), (240, 529), (240, 528), (240, 527), (240, 526), (240, 525), (240, 524), (240, 523), (240, 522), (240, 521), (240, 520), (240, 519), (240, 518), (240, 517), (240, 516), (240, 515), (240, 514), (240, 513), (240, 512), (240, 511), (240, 510), (240, 509), (240, 508), (240, 507), (240, 506), (240, 505), (240, 504), (240, 503), (240, 502), (240, 501), (240, 500), (240, 499), (240, 498), (240, 497), (240, 496), (240, 495), (240, 494), (240, 493), (240, 492), (240, 491), (240, 490), (240, 489), (240, 488), (240, 487), (240, 486), (240, 485), (240, 484), (240, 483), (240, 482), (240, 481), (240, 480), (240, 479), (240, 478), (240, 477), (240, 476), (240, 475), (240, 474), (240, 473), (240, 472), (240, 471), (240, 470), (240, 469), (240, 468), (240, 467), (240, 466), (240, 465), (240, 464), (240, 463), (240, 462), (240, 461), (240, 460), (240, 459), (240, 458), (240, 457), (240, 456), (240, 455), (240, 454), (240, 453), (240, 452), (240, 451), (240, 450), (240, 449), (240, 448), (240, 447), (240, 446), (240, 445), (240, 444), (240, 443), (240, 442), (240, 441), (240, 440), (240, 439), (240, 438), (240, 437), (240, 436), (240, 435), (240, 434), (240, 433), (240, 432), (240, 431), (240, 430), (240, 429), (240, 428), (240, 427), (240, 426), (240, 425), (240, 424), (240, 423), (240, 422), (240, 421), (240, 420), (240, 419), (240, 418), (240, 417), (240, 416), (240, 415), (240, 414), (240, 413), (240, 412), (240, 411), (240, 410), (240, 409), (240, 408), (240, 407), (240, 406), (240, 405), (240, 404), (240, 403), (240, 402), (240, 401), (240, 400), (240, 399), (240, 398), (240, 397), (240, 396), (240, 395), (240, 394), (240, 393), (240, 392), (240, 391), (240, 390), (240, 389), (240, 388), (240, 387), (240, 386), (240, 385), (240, 384), (240, 383), (240, 382), (240, 381), (240, 380), (240, 379), (240, 378), (240, 377), (240, 376), (240, 375), (240, 374), (240, 373), (240, 372), (240, 371), (240, 370), (240, 369), (240, 368), (240, 367), (240, 366), (240, 365), (240, 364), (240, 363), (240, 362), (240, 361), (240, 360), (240, 359), (240, 358), (240, 357), (240, 356), (240, 355), (240, 354), (240, 353), (240, 352), (240, 351), (240, 350), (240, 349), (240, 348), (240, 347), (240, 346), (240, 345), (240, 344), (240, 343), (240, 342), (240, 341), (240, 340), (240, 339), (240, 338), (240, 337), (240, 336), (240, 335), (240, 334), (240, 333), (240, 332), (240, 331), (240, 330), (240, 329), (240, 328), (240, 327), (240, 326), (240, 325), (240, 324), (240, 323), (240, 322), (240, 321), (240, 320), (240, 319), (240, 318), (240, 317), (240, 316), (240, 315), (240, 314), (240, 313), (240, 312), (240, 311), (240, 310), (240, 309), (240, 308), (240, 307), (240, 306), (240, 305), (240, 304), (240, 303), (240, 302), (240, 301), (240, 300), (240, 299), (240, 298), (240, 297), (240, 296), (240, 295), (240, 294), (240, 293), (240, 292), (240, 291), (240, 290), (240, 289), (240, 288), (240, 287), (240, 286), (241, 285), (241, 284), (242, 283), (242, 282), (243, 281), (243, 280), (244, 279), (244, 278), (244, 277), (245, 276)]"
19,"(178, 650)","(245, 552)","[(178, 650), (179, 649), (179, 648), (180, 647), (181, 646), (181, 645), (181, 644), (181, 643), (181, 642), (181, 641), (181, 640), (181, 639), (181, 638), (181, 637), (181, 636), (181, 635), (181, 634), (181, 633), (181, 632), (181, 631), (181, 630), (181, 629), (181, 628), (181, 627), (181, 626), (181, 625), (181, 624), (181, 623), (181, 622), (181, 621), (181, 620), (182, 619), (183, 618), (184, 617), (185, 616), (186, 615), (187, 614), (188, 613), (189, 612), (190, 611), (191, 610), (192, 609), (193, 608), (194, 607), (195, 606), (196, 605), (197, 604), (198, 603), (199, 602), (200, 601), (201, 600), (202, 599), (203, 598), (204, 597), (204, 596), (205, 595), (206, 594), (207, 593), (208, 592), (209, 591), (210, 590), (211, 589), (212, 588), (213, 587), (214, 586), (215, 585), (216, 584), (217, 583), (218, 582), (219, 581), (220, 580), (221, 579), (222, 578), (223, 577), (224, 576), (225, 575), (226, 574), (227, 573), (228, 572), (229, 571), (230, 570), (231, 569), (232, 568), (233, 567), (234, 566), (235, 565), (236, 564), (237, 563), (238, 562), (239, 561), (240, 560), (241, 559), (242, 558), (243, 557), (243, 556), (244, 555), (244, 554), (244, 553), (245, 552)]"
20,"(245, 276)","(245, 552)","[(245, 276), (245, 277), (245, 278), (245, 279), (245, 280), (245, 281), (245, 282), (244, 283), (243, 284), (243, 285), (243, 286), (243, 287), (243, 288), (243, 289), (243, 290), (243, 291), (243, 292), (243, 293), (243, 294), (243, 295), (243, 296), (243, 297), (243, 298), (243, 299), (243, 300), (243, 301), (243, 302), (243, 303), (243, 304), (243, 305), (243, 306), (243, 307), (243, 308), (243, 309), (243, 310), (243, 311), (243, 312), (243, 313), (243, 314), (243, 315), (243, 316), (243, 317), (243, 318), (243, 319), (243, 320), (243, 321), (243, 322), (243, 323), (243, 324), (243, 325), (243, 326), (243, 327), (243, 328), (243, 329), (243, 330), (243, 331), (243, 332), (243, 333), (243, 334), (243, 335), (243, 336), (243, 337), (243, 338), (243, 339), (243, 340), (243, 341), (243, 342), (243, 343), (243, 344), (243, 345), (243, 346), (243, 347), (243, 348), (243, 349), (243, 350), (243, 351), (243, 352), (243, 353), (243, 354), (243, 355), (243, 356), (243, 357), (243, 358), (243, 359), (243, 360), (243, 361), (243, 362), (243, 363), (243, 364), (243, 365), (243, 366), (243, 367), (243, 368), (243, 369), (243, 370), (243, 371), (243, 372), (243, 373), (243, 374), (243, 375), (243, 376), (243, 377), (243, 378), (243, 379), (243, 380), (243, 381), (243, 382), (243, 383), (243, 384), (243, 385), (243, 386), (243, 387), (243, 388), (243, 389), (243, 390), (243, 391), (243, 392), (243, 393), (243, 394), (243, 395), (243, 396), (243, 397), (243, 398), (243, 399), (243, 400), (243, 401), (243, 402), (243, 403), (243, 404), (243, 405), (243, 406), (243, 407), (243, 408), (243, 409), (243, 410), (243, 411), (243, 412), (243, 413), (243, 414), (243, 415), (243, 416), (243, 417), (243, 418), (243, 419), (243, 420), (243, 421), (243, 422), (243, 423), (243, 424), (243, 425), (243, 426), (243, 427), (243, 428), (243, 429), (243, 430), (243, 431), (243, 432), (243, 433), (243, 434), (243, 435), (243, 436), (243, 437), (243, 438), (243, 439), (243, 440), (243, 441), (243, 442), (243, 443), (243, 444), (243, 445), (243, 446), (243, 447), (243, 448), (243, 449), (243, 450), (243, 451), (243, 452), (243, 453), (243, 454), (243, 455), (243, 456), (243, 457), (243, 458), (243, 459), (243, 460), (243, 461), (243, 462), (243, 463), (243, 464), (243, 465), (243, 466), (243, 467), (243, 468), (243, 469), (243, 470), (243, 471), (243, 472), (243, 473), (243, 474), (243, 475), (243, 476), (243, 477), (243, 478), (243, 479), (243, 480), (243, 481), (243, 482), (243, 483), (243, 484), (243, 485), (243, 486), (243, 487), (243, 488), (243, 489), (243, 490), (243, 491), (243, 492), (243, 493), (243, 494), (243, 495), (243, 496), (243, 497), (243, 498), (243, 499), (243, 500), (243, 501), (243, 502), (243, 503), (243, 504), (243, 505), (243, 506), (243, 507), (243, 508), (243, 509), (243, 510), (243, 511), (243, 512), (243, 513), (243, 514), (243, 515), (243, 516), (243, 517), (243, 518), (243, 519), (243, 520), (243, 521), (243, 522), (243, 523), (243, 524), (243, 525), (243, 526), (243, 527), (243, 528), (243, 529), (243, 530), (243, 531), (243, 532), (243, 533), (243, 534), (243, 535), (243, 536), (243, 537), (243, 538), (243, 539), (243, 540), (243, 541), (243, 542), (243, 543), (243, 544), (243, 545), (243, 546), (243, 547), (243, 548), (244, 549), (244, 550), (244, 551), (245, 552)]"
